{
    "$schema": "https://go.kicad.org/pcm/schemas/v1",
    "name": "PosOrient",
    "description": "Positioning & Orientation of footprints in the PCB Editor",
    "description_full": "Positioning & Orientation of footprints in the PCB Editor\n- get footprints position and orientation\n- work interactively, drag footprints and update data table\n- set new position and orientation and update PCB editor\n- sort data in the table by the columns\n- save/open position and orientation configuration files\n- check log for changes\n- GUI highlighting and tooltips",
    "identifier": "com.github.jacmie.PosOrient",
    "type": "plugin",
    "author": {
        "name": "jacmie",
        "contact": {
            "web": "https://github.com/jacmie"
        }
    },
    "maintainer": {
        "name": "jacmie",
        "contact": {
            "web": "https://github.com/jacmie"
        }
    },
    "license": "GPL-3.0",
    "resources": {
        "homepage": "https://github.com/jacmie/PosOrient"
    },
    "tags": [
        "kicad",
        "footprint",
        "position",
        "orientation"
    ],
    "versions": [
        {
            "version": "1.1.3",
            "status": "stable",
            "kicad_version": "8.0",
            "download_sha256": "7e9c09868630b4e033decb0870964e2dc885afcc58063ce3610fc62553accccf",
            "download_url": "https://github.com/jacmie/PosOrient/releases/download/v1.1.3/PosOrient_v1.1.3.zip",
            "download_size": 8800,
            "install_size": 24973
        }
    ]
}

