{
    "$schema": "https://go.kicad.org/pcm/schemas/v1",
    "name": "openinput library",
    "description": "Kicad symbol and footprint library for input device related components.",
    "description_full": "This package contains footprints and symbols for input device related components like optical tracking sensors and switches.",
    "identifier": "com.github.openinput-fw.openinput-kicad-library",
    "type": "library",
    "author": {
        "name": "Rafael Silva (perigoso)",
        "contact": {
            "email": "perigoso@riseup.net"
        }
    },
    "license": "CC-BY-4.0",
    "resources": {
        "donate": "https://opencollective.com/openinput",
        "github": "https://github.com/openinput-fw/openinput-kicad-library"
    },
    "tags": [
        "footprint",
        "library",
        "mouse",
        "gaming",
        "optical",
        "tracking",
        "sensor",
        "input-device"
    ],
    "versions": [
        {
            "version": "0.2",
            "status": "testing",
            "kicad_version": "6.0",
            "download_url": "https://github.com/openinput-fw/openinput-kicad-library/releases/download/v0.2/openinput-kicad-library.zip",
            "download_sha256": "89b2355a96bb0cf2384861db083c9e9d51f0072c96e9ab4dba82c1e2eb2b6b73",
            "download_size": 1697328,
            "install_size": 7028937
        },
        {
            "version": "0.3",
            "status": "testing",
            "kicad_version": "6.0",
            "download_url": "https://github.com/openinput-fw/openinput-kicad-library/releases/download/v0.3/openinput-kicad-library.zip",
            "download_sha256": "8d7329d5607345108043455bc87e9f7f56a742e08b47ef070ded0a06aae64d75",
            "download_size": 1697322,
            "install_size": 7028930
        }
    ]
}
