{
    "$schema": "https://go.kicad.org/pcm/schemas/v1",
    "name": "Via Patterns",
    "description": "Add vias using various patterns",
    "description_full": "Add vias using various patterns",
    "identifier": "com.github.adamws.kicad-via-patterns",
    "type": "plugin",
    "author": {
        "name": "adamws",
        "contact": {
            "web": "https://adamws.github.io"
        }
    },
    "license": "MIT",
    "resources": {
        "Homepage": "https://github.com/adamws/kicad-via-patterns",
        "Bug Tracker": "https://github.com/adamws/kicad-via-patterns/issues"
    },
    "versions": [
        {
            "version": "0.1",
            "status": "development",
            "kicad_version": "7.0",
            "download_sha256": "e2455b68bf279861c76314c72a30561e138e5254f7e6f83ae96be99da73dd3aa",
            "download_size": 22873,
            "install_size": 21831,
            "download_url": "https://github.com/adamws/kicad-via-patterns/releases/download/v0.1/kicad_via_patterns-0.1.zip"
        },
        {
            "version": "0.2",
            "status": "stable",
            "kicad_version": "7.0",
            "download_sha256": "926407d5d1b9a7188f749cd06d37bc95725ca639ca20eee0767170bb8d075697",
            "download_size": 28249,
            "install_size": 27207,
            "download_url": "https://github.com/adamws/kicad-via-patterns/releases/download/v0.2/kicad_via_patterns-0.2.zip"
        }
    ]
}
