{
    "$schema": "https://go.kicad.org/pcm/schemas/v1",
    "author": {
        "contact": {
            "email": "zhanghaf60@gmail.com"
        },
        "name": "Huaqiu"
    },
    "description": "Start prototype and assembly by sending files to HQ PCB with just one click\nAutomatic extract key parameters from pcbnew and get real-time quotation within KiCad",
    "description_full": "Click this plugin for high quality prototyping and assembly services, HQ PCB will commit to meeting your needs to the greatest extent.\n\nWhen you click HQ PCB Plug-in button, we will export these files in your project:\n\n1. Gerber files in correct format for production\n2. IPC-Netlist file\n3. Bom-file that includes all information of components (please note designator, quantity, MPN/part number, package/footprint are necessary)\n4. Pick and Place-file used in assembly\n\nYou can click \"Save to Cart\" to place an order immediately after uploading the files ( usually only takes a few seconds), our engineers will double check the files before the production.\n\nAbout HQ PCB:\n\nHQ PCB is a Chinese company specializing in PCB prototyping and assembly, devotes to offer one-stop service. The build-time for standard PCBs is 24hrs. Our upgraded material with TG150-160 costs as low as $5/10pcs while our remarkable after-sale services are standing by for any questions you may encounter. As a sponsor of KiCad, we will always support its development.",
    "identifier": "com.github.Huaqiu-Electronics.kicad-hqpcb-plugin",
    "license": "MIT",
    "maintainer": {
        "contact": {
            "email": "zhanghaf60@gmail.com"
        },
        "name": "Huaqiu"
    },
    "name": "HQ PCB",
    "resources": {
        "Github": "https://github.com/Huaqiu-Electronics/kicad-hqpcb-plugin.git"
    },
    "type": "plugin",
    "versions": [
        {
            "download_sha256": "a02883987ad17b28cf669a395fb6ffbb8de93e328244579a2c486041465e31f0",
            "download_size": 2048552,
            "download_url": "https://gitee.com/HQNEXTPCB/hq-kicad-plugin-release/raw/master/KiCAD-HQPCB-2.0.5.zip",
            "install_size": 5786361,
            "kicad_version": "7.0",
            "status": "stable",
            "version": "2.0.5"
        }
    ]
}
