{
  "$schema": "https://go.kicad.org/pcm/schemas/v1",
  "name": "SparkFun KiCad CAMmer",
  "description": "SparkFun's simple PCB CAMmer (Gerber generator) for KiCad 7 / 8",
  "description_full": "Generates the Gerber and drill files for a KiCad PCB and zips them",
  "identifier": "com.github.sparkfun.SparkFunKiCadCAMmer",
  "type": "plugin",
  "author": {
    "name": "SparkFun",
    "contact": {
      "github": "https://github.com/sparkfun",
      "web": "https://sparkfun.com",
      "twitter": "https://twitter.com/sparkfun"
    }
  },
  "maintainer": {
    "name": "SparkFun",
    "contact": {
      "github": "https://github.com/sparkfun",
      "web": "https://sparkfun.com",
      "twitter": "https://twitter.com/sparkfun"
    }
  },
  "license": "MIT",
  "resources": {
    "homepage": "https://github.com/sparkfun/SparkFun_KiCad_CAMmer"
  },
  "versions": [
    {
      "version": "1.1.0",
      "status": "stable",
      "kicad_version": "7.0",
      "download_url": "https://github.com/sparkfun/SparkFun_KiCad_CAMmer/releases/download/v1.1.0/SparkFunKiCadCAMmer-1.1.0-pcm.zip",
      "download_sha256": "52ed5712a9639741d84bac7850f78de929bd594ac364a58412eae2ff707ae833",
      "download_size": 15411,
      "install_size": 41588
    }
  ]
}
