{
    "$schema": "https://go.kicad.org/pcm/schemas/v1",
    "name": "Round Tracks",
    "description": "A subdivision- and/or native arc-based track rounding plugin.",
    "description_full": "Algorithmically smooth tracks in a predictable manner. Useful for flex PCBs, or just because it looks cool.",
    "identifier": "com.github.mitxela.kicad-round-tracks",
    "type": "plugin",
    "author": {
        "name": "mitxela",
        "contact": {
            "web": "https://mitxela.com"
        }
    },
    "license": "Apache-2.0",
    "resources": {
        "homepage": "https://github.com/mitxela/kicad-round-tracks"
    },
    "versions": [
        {
            "version": "1.0",
            "status": "stable",
            "kicad_version": "6.0",
            "kicad_version_max": "6.1",
            "download_sha256": "0ee531e5f324e22af07df691d529848e36f9960c2e0cf9ce8d4da3c2bcf0cc21",
            "download_size": 14632,
            "download_url": "https://github.com/mitxela/kicad-round-tracks/releases/download/1.0/kicad-round-tracks-1.0.zip",
            "install_size": 29167,
            "platforms": [
                "linux",
                "macos",
                "windows"
            ]
        },
        {
            "version": "1.1",
            "status": "stable",
            "kicad_version": "6.0",
            "kicad_version_max": "6.1",
            "download_sha256": "3ac65b3be5f1acd3e56583846d49b19ff425ed0a03154c775f4d655cd30fbdcc",
            "download_size": 14742,
            "download_url": "https://github.com/mitxela/kicad-round-tracks/releases/download/1.1/kicad-round-tracks-1.1.zip",
            "install_size": 29430,
            "platforms": [
                "linux",
                "macos",
                "windows"
            ]
        },
        {
            "version": "1.2",
            "status": "stable",
            "kicad_version": "6.0",
            "kicad_version_max": "6.1",
            "download_sha256": "e4d1087cf726018840f5f75291aae55de8cece49e2bada30be1e19ab6b474c40",
            "download_size": 15433,
            "download_url": "https://github.com/mitxela/kicad-round-tracks/releases/download/1.2/kicad-round-tracks-1.2.zip",
            "install_size": 32694,
            "platforms": [
                "linux",
                "macos",
                "windows"
            ]
        },
        {
            "version": "1.4",
            "status": "stable",
            "kicad_version": "7.0.1",
            "download_sha256": "4466d0a379c25773c07bac3a76815745bbae40576eb3b3fb6eeec22812788547",
            "download_size": 15878,
            "download_url": "https://github.com/mitxela/kicad-round-tracks/releases/download/1.4/kicad-round-tracks-1.4.zip",
            "install_size": 33698,
            "platforms": [
                "linux",
                "macos",
                "windows"
            ]

        },
        {
            "version": "1.5",
            "status": "stable",
            "kicad_version": "7.0.1",
            "download_sha256": "5f0e15a8e12db58b91c70154cbfcc4d293309af2f1aad503d1560e7b375800f3",
            "download_size": 15881,
            "download_url": "https://github.com/mitxela/kicad-round-tracks/releases/download/1.5/kicad-round-tracks-1.5.zip",
            "install_size": 33698,
            "platforms": [
                "linux",
                "macos",
                "windows"
            ]

        }
    ]
}
