{
  "$schema": "https://go.kicad.org/pcm/schemas/v1",
  "name": "Freerouting",
  "description": "Freerouting KiCad integration",
  "description_full": "This is the official KiCad integration for Freerouting, an advanced autorouter.\nIt needs Java JRE 17, download it from https://adoptium.net/temurin/releases .\n",
  "identifier": "app.freerouting.kicad-plugin",
  "type": "plugin",
  "author": {
    "name": "Andras Fuchs",
    "contact": {
      "email": "info@freerouting.app",
      "web": "https://www.freerouting.app/"
    }
  },
  "maintainer": {
    "name": "Andras Fuchs",
    "contact": {
      "email": "info@freerouting.app"
    }
  },
  "license": "GPL-3.0",
  "resources": {
    "Github": "https://github.com/freerouting/freerouting/tree/master/integrations/KiCad"
  },
  "versions": [
    {
      "version": "1.6.2",
      "status": "stable",
      "kicad_version": "6.0",
      "download_sha256": "a72f4e5b5cedfee3ecea474315e6fc94e11fcb5480dc77a944dfe67fb2e96367",
      "download_size": 4095649,
      "download_url": "https://github.com/freerouting/freerouting/raw/master/integrations/KiCad/kicad-freerouting-1.6.2.zip",
      "install_size": 4526306
    },
	{
      "version": "1.6.5",
      "status": "stable",
      "kicad_version": "6.0",
      "download_sha256": "8eccd96f48a5f9f77b2e9c33a9fbcc99c6b12c11fdedb4d19356b7a1216497f7",
      "download_size": 4301604,
      "download_url": "https://github.com/freerouting/freerouting/raw/master/integrations/KiCad/kicad-freerouting-1.6.5.zip",
      "install_size": 4793969
    },
	{
      "version": "1.6.6",
      "status": "stable",
      "kicad_version": "6.0",
      "download_sha256": "5b7b92448851e982dc31d54c344b6bc74e08e109ef67beae83f321aa50ffab58",
      "download_size": 4303331,
      "download_url": "https://github.com/freerouting/freerouting/raw/master/integrations/KiCad/kicad-freerouting-1.6.6.zip",
      "install_size": 4796646
    },
	{
      "version": "1.7.0",
      "status": "stable",
      "kicad_version": "6.0",
      "download_sha256": "d737320dcc835c53975d5d4cbb99afe8e05ed015f41858d350ccffbc456cb424",
      "download_size": 4304240,
      "download_url": "https://github.com/freerouting/freerouting/raw/master/integrations/KiCad/kicad-freerouting-1.7.0.zip",
      "install_size": 4797408
    },
	{
      "version": "1.7.1",
      "status": "stable",
      "kicad_version": "6.0",
      "download_sha256": "62dc982998455e097744510b24331f1b33cee49cb90116b680349f6027618cef",
      "download_size": 4304221,
      "download_url": "https://github.com/freerouting/freerouting/raw/master/integrations/KiCad/kicad-freerouting-1.7.1.zip",
      "install_size": 4797518
    },
    {
      "version": "1.8.0",
      "status": "stable",
      "kicad_version": "6.0",
      "download_sha256": "ba428e2abe408ea5d3b97b451514b1e6ba5defe04a917e27b48c40e48d0d52b8",
      "download_size": 4309439,
      "download_url": "https://github.com/freerouting/freerouting/raw/master/integrations/KiCad/kicad-freerouting-1.8.0.zip",
      "install_size": 4808684
    },
    {
      "version": "1.9.0",
      "status": "stable",
      "kicad_version": "6.0",
      "download_sha256": "9806754c2448c6d4d6ea704f2627b2b31448fa39e8c4aa8c400dc19cecda0222",
      "download_size": 4568228,
      "download_url": "https://github.com/freerouting/freerouting/raw/master/integrations/KiCad/kicad-freerouting-1.9.0.zip",
      "install_size": 5086728
    },
    {
      "version": "2.0.0",
      "status": "stable",
      "kicad_version": "6.0",
      "download_sha256": "ad473585cafb13c2fad8dc5e6422eaf455da19ca2e42477c0f21b4b0a63e44cc",
      "download_size": 60840861,
      "download_url": "https://github.com/freerouting/freerouting/raw/master/integrations/KiCad/kicad-freerouting-2.0.0.zip",
      "install_size": 66388137
    },
    {
      "version": "2.0.1",
      "status": "stable",
      "kicad_version": "6.0",
      "download_sha256": "39ce85e2f7221bd7a1d82f54860f00184c4ad55bac955d106231add5e1c2e1b3",
      "download_size": 60891211,
      "download_url": "https://github.com/freerouting/freerouting/raw/master/integrations/KiCad/kicad-freerouting-2.0.1.zip",
      "install_size": 66445534
    }
  ]
}