{
    "$schema": "https://go.kicad.org/pcm/schemas/v1",
    "name": "PCBGOGO Plug-in for KiCad",
    "description": "Start prototype and assembly by sending files to PCBGOGO with just one click.",
    "description_full": "Click this plugin for high quality prototyping and assembly services, PCBGOGO will commit to meeting your needs to the greatest extent.\n\nWhen you click PCBGOGO Plug-in button, we will export these files in your project:\n\n1. Gerber files in correct format for production\n2. IPC-Netlist file\n3. Bom-file that includes all information of components (please note designator, quantity, MPN/part number, package/footprint are necessary)\n4. Pick and Place-file used in assembly\n\nYou can click \"Save to Cart\" to place an order immediately after uploading the files ( usually only takes a few seconds), our engineers will double check the files before the production.\n\nAbout PCBGOGO:\n\nPCBGOGO is a Chinese company specializing in PCB prototyping and assembly, devotes to offer one-stop service. The build-time for standard PCBs is 24hrs. Our upgraded material with TG150-160 costs as low as $5/10pcs while our remarkable after-sale services are standing by for any questions you may encounter. As a sponsor of KiCad, we will always support its development.",
    "identifier": "com.github.pcbgogo.PCBGOGO-Plug-in-for-Kicad",
    "type": "plugin",
    "author": {
        "name": "PCBGOGO.com",
        "contact": {
            "web": "https://www.pcbgogo.com"
        }
    },
    "maintainer": {
        "name": "PCBWay.com",
        "contact": {
            "web": "https://www.pcbgogo.com"
        }
    },
    "license": "MIT",
    "resources": {
        "homepage": "https://github.com/pcbgogodev/PCBGOGO-Plug-in-for-Kicad"
    },
    "versions": [
      {
        "version": "0.1.1",
        "status": "testing",
        "kicad_version": "6.00",
        "install_size": 15008,
        "download_size": 9716,
        "download_sha256": "60d5271a80aa3ebb062f48a17a56a9629726025436f1b100b9337d8fec38d96e",
        "download_url": "https://github.com/pcbgogodev/PCBGOGO-Plug-in-for-Kicad/releases/download/0.1.1/KiCadToPCBGOGO_v0.1.1.zip"
      }
    
    ]
}
