{
  "$schema": "https://go.kicad.org/pcm/schemas/v1",
  "name": "Set Hole Diameter",
  "type": "plugin",
  "description": "Sets the hole diameter of all pads in the PCB to a specified value.",
  "description_full": "The SetHoleDiameter plugin is a KiCad action plugin that sets the hole diameter of all pads in the PCB to a fixed size. The default value is 0.8mm. When manufacturing and drilling PCBs by hand, it can happen that holes are drilled that are smaller than the holes in the original footprints. In this case, drilling leaves a small ring of PCB base material without copper around the hole. This causes problems when soldering. Setting all holes to a minimum diameter ensures that each hole is surrounded by copper.",
  "identifier": "com.github.seigedigital.setholediameterpluginforkicad",
  "author": {
    "name": "Leander Seige (seige.digital GbR)",
    "contact": {
      "mail": "kontakt@seige.digital"
    }
  },
  "resources": {
    "homepage": "https://github.com/seigedigital/setholediameterpluginforkicad"
  },
  "versions": [{
    "version": "1.0.3",
    "kicad_version": "8.0",
    "status": "stable",
    "download_url": "https://github.com/seigedigital/setholediameterpluginforkicad/releases/download/v1.0.3/SetHoleDiameterPlugin-1.0.3.zip",
    "download_sha256": "c22144bdeee917763e12a9c7f748da22ad1f0490782ba65b764bdb99447d6e91",
    "download_size": 6366,
    "install_size": 7713
  }],  
  "license": "GPL"
}
