{
    "$schema": "https://go.kicad.org/pcm/schemas/v1",
    "name": "Keyboard footprints placer",
    "description": "Plugin for mechanical keyboard design",
    "description_full": "Plugin for mechanical keyboard design.\nIt features automatic key placement and routing based on various layout descriptions like <a href='www.keyboard-layout-editor.com'>kle</a>, <a href='www.github.com/ergogen/ergogen'>ergogen</a> and <a href='www.caniusevia.com'>via</a>.\nTo learn more visit project's homepage.",
    "identifier": "com.github.adamws.kicad-kbplacer",
    "type": "plugin",
    "author": {
        "name": "adamws",
        "contact": {
            "web": "https://adamws.github.io"
        }
    },
    "license": "GPL-3.0",
    "resources": {
        "Homepage": "https://github.com/adamws/kicad-kbplacer",
        "Bug Tracker": "https://github.com/adamws/kicad-kbplacer/issues",
        "Sponsor": "https://ko-fi.com/adamws"
    },
    "tags": [
        "keyboard"
    ],
    "versions": [
        {
            "version": "0.2",
            "status": "stable",
            "kicad_version": "6.0",
            "kicad_version_max": "6.0",
            "download_url": "https://github.com/adamws/kicad-kbplacer/releases/download/v0.2/kicad-kbplacer.zip",
            "download_sha256": "83aca6a74d6af66447821f9b21e33a7ca36a3389b735801e72ea9f47c35a0d7e",
            "download_size": 12097,
            "install_size": 24731
        },
        {
            "version": "0.3",
            "status": "stable",
            "kicad_version": "6.0",
            "kicad_version_max": "7.0.6",
            "download_url": "https://github.com/adamws/kicad-kbplacer/releases/download/v0.3/kicad-kbplacer.zip",
            "download_sha256": "572e80d1bfceba4a0156e33fe58eeaa86cd59d53a4e63bef399297c0b5b0e1e8",
            "download_size": 13975,
            "install_size": 31740
        },
        {
            "version": "0.4",
            "status": "stable",
            "kicad_version": "6.0",
            "kicad_version_max": "7.0.6",
            "download_url": "https://github.com/adamws/kicad-kbplacer/releases/download/v0.4/kicad-kbplacer.zip",
            "download_sha256": "b04e271dcec90745f786659bddabece2a378d6de626b30c95cc8a2822426222d",
            "download_size": 17579,
            "install_size": 45449
        },
        {
            "version": "0.5",
            "status": "stable",
            "kicad_version": "6.0",
            "kicad_version_max": "7.0.6",
            "download_url": "https://github.com/adamws/kicad-kbplacer/releases/download/v0.5/kicad-kbplacer.zip",
            "download_sha256": "27c68e121f312cf0761a062fecc8b071997fce135c47801682402e8be62a231b",
            "download_size": 22174,
            "install_size": 65533
        },
        {
            "version": "0.6",
            "status": "stable",
            "kicad_version": "6.0",
            "kicad_version_max": "7.0.11",
            "download_url": "https://github.com/adamws/kicad-kbplacer/releases/download/v0.6/kicad-kbplacer.zip",
            "download_sha256": "a368b94979642144a97d74d0af3bb655435deee56d81e5df19dbd78aaeaafa6a",
            "download_size": 38823,
            "install_size": 113988
        },
        {
            "version": "0.7",
            "status": "stable",
            "kicad_version": "6.0",
            "kicad_version_max": "7.0.11",
            "download_sha256": "00e414b6030cdff997e5b6598e05e9fd403e84ae67c13b866aedf3fce923bab4",
            "download_size": 141892,
            "install_size": 138688,
            "download_url": "https://github.com/adamws/kicad-kbplacer/releases/download/v0.7/kbplacer-0.7.zip"
        },
        {
            "version": "0.8",
            "status": "stable",
            "kicad_version": "6.0",
            "kicad_version_max": "7.0.11",
            "download_sha256": "defeb0972716db4d425f5ea4cfd389571b70b7df492bbc66d7ec9b5d182f53df",
            "download_size": 145740,
            "install_size": 142378,
            "download_url": "https://github.com/adamws/kicad-kbplacer/releases/download/v0.8/kbplacer-0.8.zip"
        },
        {
            "version": "0.9",
            "status": "stable",
            "kicad_version": "6.0",
            "download_sha256": "77b3459d26382b09c74e71212feb7dd511e0c4e3a470b0d596658e6d12abd15e",
            "download_size": 184169,
            "install_size": 180359,
            "download_url": "https://github.com/adamws/kicad-kbplacer/releases/download/v0.9/kbplacer-0.9.zip"
        },
        {
            "version": "0.10",
            "status": "stable",
            "kicad_version": "6.0",
            "download_sha256": "3bcdd250efe404121866bb5fd1e2beffacf012e9d35cf39f785fef7474e6ef1f",
            "download_size": 191521,
            "install_size": 187425,
            "download_url": "https://github.com/adamws/kicad-kbplacer/releases/download/v0.10/kbplacer-0.10.zip"
        },
        {
            "version": "0.11",
            "status": "stable",
            "kicad_version": "6.0",
            "download_sha256": "336643687548004796418112e548c6cd722f31fc866dfdd77749734cffd8421e",
            "download_size": 201812,
            "install_size": 197716,
            "download_url": "https://github.com/adamws/kicad-kbplacer/releases/download/v0.11/kbplacer-0.11.zip"
        },
        {
            "version": "0.12",
            "status": "stable",
            "kicad_version": "6.0",
            "download_sha256": "3dbfa0e922139d5babb1a1f7af1a36e219e6c61cafc6d8bd927bdb797dc86511",
            "download_size": 212446,
            "install_size": 208106,
            "download_url": "https://github.com/adamws/kicad-kbplacer/releases/download/v0.12/kbplacer-0.12.zip"
        }
    ]
}
