{
    "$schema": "https://go.kicad.org/pcm/schemas/v1",
    "name": "NextPCB Plug-in for KiCad",
    "description": "Start prototype and assembly by sending files to NextPCB with just one click.",
    "description_full": "Start prototype and assembly by sending files to NextPCB with just one click.",
    "identifier": "com.gitlab.nextpcbofficial.NextPCB-Plug-in-for-Kicad",
    "type": "plugin",
    "author": {
        "name": "NextPCB.com",
        "contact": {
            "web": "https://www.nextpcb.com"
        }
    },
    "maintainer": {
        "name": "NextPCB.com",
        "contact": {
            "web": "https://www.nextpcb.com"
        }
    },
    "license": "MIT",
    "resources": {
        "homepage": "https://gitlab.com/nextpcbofficial/NextPCB-Plug-in-for-Kicad"
    },
    "versions": [
    ]
}