{
  "$schema": "https://go.kicad.org/pcm/schemas/v1",
  "name": "SparkFun KiCad Panelizer",
  "description": "SparkFun's simple PCB panelizer for KiCad 7 / 8",
  "description_full": "Converts a single PCB into a panel of multiple PCBs with v-scores in between",
  "identifier": "com.github.sparkfun.SparkFunKiCadPanelizer",
  "type": "plugin",
  "author": {
    "name": "SparkFun",
    "contact": {
      "github": "https://github.com/sparkfun",
      "web": "https://sparkfun.com",
      "twitter": "https://twitter.com/sparkfun"
    }
  },
  "maintainer": {
    "name": "SparkFun",
    "contact": {
      "github": "https://github.com/sparkfun",
      "web": "https://sparkfun.com",
      "twitter": "https://twitter.com/sparkfun"
    }
  },
  "license": "MIT",
  "resources": {
    "homepage": "https://github.com/sparkfun/SparkFun_KiCad_Panelizer"
  },
  "versions": [
    {
      "version": "1.3.0",
      "status": "stable",
      "kicad_version": "7.0",
      "download_url": "https://github.com/sparkfun/SparkFun_KiCad_Panelizer/releases/download/v1.3.0/SparkFunKiCadPanelizer-1.3.0-pcm.zip",
      "download_sha256": "7acb8d4ebd592f35e25898b043cc73d415040e7823d74178d40f84e74db41258",
      "download_size": 25388,
      "install_size": 101258
    }
  ]
}
