{
    "$schema": "https://go.kicad.org/pcm/schemas/v1",
    "name": "Nord Theme",
    "description": "Designed by @0xdec",
    "description_full": "Designed by @0xdec.",
    "identifier": "com.github.pointhi.kicad-color-schemes.nord",
    "type": "colortheme",
    "author": {
        "name": "Jordi Pakey-Rodriguez",
        "contact": {
            "web": "https://github.com/jordiorlando"
        }
    },
    "maintainer": {
        "name": "Thomas Pointhuber",
        "contact": {
            "web": "https://github.com/pointhi/kicad-color-schemes/"
        }
    },
    "license": "CC0-1.0",
    "resources": {
        "Github": "https://github.com/pointhi/kicad-color-schemes"
    },
    "versions": [
        {
            "version": "1.1",
            "status": "stable",
            "kicad_version": "5.99",
            "download_sha256": "3d8d949e366e33c73d53e199d62aeafecd58c497e2a15d4b972fda8a18a03a11",
            "download_size": 6733,
            "download_url": "https://github.com/pointhi/kicad-color-schemes/releases/download/2021-12-05/com.github.pointhi.kicad-color-schemes.nord_v1.1_pcm.zip",
            "install_size": 10342
        }
    ]
}
