{
	"$schema": "https://go.kicad.org/pcm/schemas/v1",
	"name": "Arcana",
	"description": "A dark and vibrant color scheme by @lethalbit",
	"description_full": "A dark and vibrant color scheme by @lethalbit",
	"identifier": "net.lethalbit.arcana",
	"type": "colortheme",
	"author": {
		"name": "Aki Van Ness",
		"contact": {
			"website": "https://lethalbit.net",
			"github": "https://github.com/lethalbit",
			"mastodon": "https://chaos.social/@lethalbit"
		}
	},
	"maintainer": {
		"name": "Aki Van Ness",
		"contact": {
			"website": "https://lethalbit.net",
			"github": "https://github.com/lethalbit",
			"mastodon": "https://chaos.social/@lethalbit"
		}
	},
	"license": "CC-BY-NC-SA-4.0",
	"resources": {
		"github": "https://github.com/lethalbit/arcana-kicad"
	},
	"versions": [
		{
			"version": "2023.11.21",
			"status": "stable",
			"kicad_version": "7.0",
			"download_sha256": "a1192841d2a273df686bf97bcea5fff38f1ee7eaa84269403d42b124b8caaa05",
			"download_url": "https://github.com/lethalbit/arcana-kicad/releases/download/2023.11.21/kicad-arcana.zip",
			"download_size": 13029,
			"install_size": 20206
		},
		{
			"version": "2024.02.25",
			"status": "stable",
			"kicad_version": "7.0",
			"download_sha256": "1a1b0030cc8f5b60d2b8a680d9dbc34b0ea697f12eed47744c93956f70a047fb",
			"download_url": "https://github.com/lethalbit/arcana-kicad/releases/download/2024.02.25/kicad-arcana.zip",
			"download_size": 13283,
			"install_size": 20337
		}
	]
}
