{
    "$schema": "https://go.kicad.org/pcm/schemas/v1",
    "name": "wDark Theme",
    "description": "Designed by wykys, Inspired by One Dark",
    "description_full": "Designed by wykys, Inspired by One Dark",
    "identifier": "com.github.pointhi.kicad-color-schemes.wdark",
    "type": "colortheme",
    "author": {
        "name": "Jan Vykydal",
        "contact": {
            "web": "https://github.com/wykys"
        }
    },
    "maintainer": {
        "name": "Thomas Pointhuber",
        "contact": {
            "web": "https://github.com/pointhi/kicad-color-schemes/"
        }
    },
    "license": "CC0-1.0",
    "resources": {
        "Github": "https://github.com/pointhi/kicad-color-schemes"
    },
    "versions": [
        {
            "version": "1.0",
            "status": "stable",
            "kicad_version": "5.99",
            "download_sha256": "9e58f7e6032dd40221dc80817dc992f233eba1858d590104c3445d41abcc136a",
            "download_size": 4289,
            "download_url": "https://github.com/pointhi/kicad-color-schemes/releases/download/2021-12-05/com.github.pointhi.kicad-color-schemes.wdark_v1.0_pcm.zip",
            "install_size": 5490
        }
    ]
}
