{
    "$schema": "https://go.kicad.org/pcm/schemas/v1",
    "name": "Thermal Relief Via",
    "description": "Replaces selected via(s) with identical footprint to make thermal relief for soldering.",
    "description_full": "This is for DIY circuit boards with vias in copper pour that need to be soldered to. Use this along with the \"Do not tent vias\" option. I'm soldering a wire from the top to bottom via pad but you can use this to solder eyelets too. The original via is deleted to eliminate repeated drill hits.",
    "identifier": "com.github.JohnHryb.ThermalReliefVia",
    "type": "plugin",
    "author": {
        "name": "John Hryb",
        "contact": {
			"email": "john.hryb.4.1@gmail.com"
		}
    },
    "license": "GPL-2.0",
    "resources": {
        "homepage": "https://github.com/Hrybmo/ThermalReliefVia"
    },
    "versions": [
        {
            "version": "0.1.3",
            "status": "testing",
            "kicad_version": "7.0",
			"download_sha256": "22b4c477dfe68524d74923a4268586b43449a938d2cda5e306d808e0f594e015",
			"download_size": 16868,
			"install_size": 17639,
            "download_url": "https://github.com/Hrybmo/ThermalReliefVia/raw/v0.1.3/Archive/ThermalReliefVia_0.1.3.zip"
        }
    ]
}
