{
    "$schema": "https://go.kicad.org/pcm/schemas/v1",
    "name": "RF-Tools",
    "description": "A suite of kicad pcbnew RF Tools",
    "description_full": "Rounder tools, Tapers for pads and tracks, Solder Mask Expander, Track Length, Via Fence Generator, Trace Clearance Generator",
    "identifier": "com.github.easyw.kicad-rf-tools",
    "type": "plugin",
    "author": {
        "name": "easyw",
        "contact": {
            "email": "easyw@katamail.com"
        }
    },
    "license": "GPL-2.0",
    "resources": {
        "Github": "https://github.com/easyw/RF-tools-KiCAD",
        "Readme": "https://github.com/easyw/RF-tools-KiCAD/blob/master/README.md"
    },
    "tags": [
        "rf",
        "pcbnew",
        "fencing",
        "expander"
    ],
    "versions": [
        {
            "version": "1.3.2",
            "status": "stable",
            "kicad_version": "8.0",
            "download_sha256": "f6c2f2d70c9999a6b6b54dbbeeb657b1dc6451896842dee31ae5e0874d8b4335",
            "download_size": 7654265,
            "download_url": "https://github.com/easyw/RF-tools-KiCAD/releases/download/v1.3.2/RF-tools-KiCAD-v1.3.2_pcm.zip",
            "install_size": 9818706,
            "platforms": [
                "linux",
                "macos",
                "windows"
            ]
        }
    ]
}