{
    "$schema": "https://go.kicad.org/pcm/schemas/v1",
    "name": "pcb-action-tools",
    "description": "A suite of kicad pcbnew action plugin tools",
    "description_full": "Annular Ring Checker, Snap Selected Footprint(s) to Grid, Fabrication Footprint Position, Move Selected Drawings to chosen Layer, Checking 3D missing models",
    "identifier": "com.github.easyw.kicad-action-tools",
    "type": "plugin",
    "author": {
        "name": "easyw",
        "contact": {
            "email": "easyw@katamail.com"
        }
    },
    "license": "GPL-2.0",
    "resources": {
        "Github": "https://github.com/easyw/kicad-action-tools",
        "Readme": "https://github.com/easyw/kicad-action-tools/blob/master/README.md"
    },
    "tags": [
        "annular",
        "pcbnew",
        "grid",
        "mcad"
    ],
    "versions": [
        {
            "version": "1.0.7",
            "status": "stable",
            "kicad_version": "8.0",
            "download_sha256": "03410391e96befad37bc1e4f6f17ae7e8ba29bed5d46411d867a7bad1bab4724",
            "download_size": 1060820,
            "download_url": "https://github.com/easyw/kicad-action-tools/releases/download/v1.0.7/pcb-action-tools_v1.0.7_pcm.zip",
            "install_size": 1517628,
            "platforms": [
                "linux",
                "macos",
                "windows"
            ]
        },
        {
            "version": "1.0.6",
            "status": "stable",
            "kicad_version": "7.0",
            "download_sha256": "28458f5d75a84662f880b772931082ceb2f96b8865f49f967f88301cf2242382",
            "download_size": 1035738,
            "install_size": 1237276,
            "download_url": "https://github.com/easyw/kicad-action-tools/releases/download/v1.0.6/pcb-action-tools_v1.0.6_pcm.zip",
            "platforms": [
                "linux",
                "macos",
                "windows"
            ]            
        }
    ]
}