{
    "$schema": "https://go.kicad.org/pcm/schemas/v1",
    "name": "HierarchicalPCB",
    "description": "Enforce sub-PCB layouts for sub-schematics",
    "description_full": "Define a sub-PCB next to your sub-schematic file, and HierarchicalPCB will propagate that layout to the final PCB. Organize your PCB layouts for maximum reusability!",
    "identifier": "com.github.gauravmm.hierarchicalpcb",
    "type": "plugin",
    "author": {
        "name": "Gaurav Manek",
        "contact": {
            "web": "https://gauravmanek.com/",
            "email": "gaurav@gauravmanek.com"
        }
    },
    "maintainer": {
        "name": "Gaurav Manek",
        "contact": {
            "web": "https://gauravmanek.com/",
            "email": "gaurav@gauravmanek.com"
        }
    },
    "license": "MIT",
    "resources": {
        "homepage": "https://github.com/gauravmm/HierarchicalPcb"
    },
    "versions": [
        {
            "version": "1.1.0",
            "status": "stable",
            "kicad_version": "8.0",
            "download_sha256": "14f4edcffcdb58c995ad05808eef20378e932952a335f5b19fe34c0a71571b56",
            "download_size": 1339432,
            "download_url": "https://github.com/gauravmm/HierarchicalPcb/releases/download/1.1.0/package.zip",
            "install_size": 11107312
        },
        {
            "version": "1.0.0",
            "status": "stable",
            "kicad_version": "7.0",
            "download_sha256": "8186cf0502f9f6c9d982144302d336e891adeb49f6928526d6e5036a0044001d",
            "download_size": 25154,
            "download_url": "https://github.com/gauravmm/HierarchicalPcb/releases/download/1.0.0/package.zip",
            "install_size": 52023
        }
    ]
}