{
  "$schema": "https://go.kicad.org/pcm/schemas/v1",
  "name": "kimotor",
  "description": "PCB motor parametric design and layout",
  "description_full": "PCB motor parametric design and layout",
  "identifier": "com.github.cooked.kimotor",
  "type": "plugin",
  "author": {
    "name": "Stefano Cottafavi",
    "contact": {
      "web": "https://github.com/cooked/kimotor"
    }
  },
  "maintainer": {
    "name": "Stefano Cottafavi",
    "contact": {
      "web": "https://github.com/cooked/kimotor"
    }
  },
  "license": "GPL-2.0",
  "resources": {
    "homepage": "https://github.com/cooked/kimotor"
  },
  "versions": [
    {
      "version": "0.1.2",
      "status": "development",
      "kicad_version": "6.0",
      "download_url": "https://github.com/cooked/kimotor/releases/download/v0.1.2/kimotor-pcm.zip",
      "download_sha256": "93d8e058af7bd750c58187cdbe0fd46aad37436bc563a38ed8f6ae05cd78cbfe",
      "download_size": 28817,
      "install_size": 102997
    }
  ]
}
