{
    "$schema": "https://go.kicad.org/pcm/schemas/v1",
    "name": "Solarized Dark Theme",
    "description": "Based on Solarized colorscheme from Ethan Schoonover",
    "description_full": "Based on Solarized colorscheme from Ethan Schoonover.\nSee https://ethanschoonover.com/solarized/ for more details.",
    "identifier": "com.github.pointhi.kicad-color-schemes.solarized-dark",
    "type": "colortheme",
    "author": {
        "name": "Thomas Pointhuber",
        "contact": {
            "web": "https://github.com/pointhi/kicad-color-schemes/"
        }
    },
    "maintainer": {
        "name": "Thomas Pointhuber",
        "contact": {
            "web": "https://github.com/pointhi/kicad-color-schemes/"
        }
    },
    "license": "CC0-1.0",
    "resources": {
        "Github": "https://github.com/pointhi/kicad-color-schemes"
    },
    "versions": [
        {
            "version": "1.2",
            "status": "stable",
            "kicad_version": "5.99",
            "download_sha256": "7870a3560e9ba112b3bad342d457730bc9c65e787af87d0c55f6fad544a0532c",
            "download_size": 4395,
            "download_url": "https://github.com/pointhi/kicad-color-schemes/releases/download/2021-12-05/com.github.pointhi.kicad-color-schemes.solarized-dark_v1.2_pcm.zip",
            "install_size": 5691
        }
    ]
}
