{
    "$schema": "https://go.kicad.org/pcm/schemas/v1",
    "name": "KiCAD Coil Generator",
    "description": "Gereates various types of PCB trace inductors",
    "description_full": "A collection of footprint wizards to generate PCB trace inductors.",
    "identifier": "com.github.SK-Electronics-Consulting.kicad-coil-generators",
    "type": "plugin",
    "author": {
        "name": "SK Electronics Consulting",
        "contact": {
            "web": "https://kazarians.dev"
        }
    },
    "license": "GPL-3.0",
    "resources": {
        "homepage": "https://github.com/SK-Electronics-Consulting/kicad-coil-generators"
    },
    "versions": [
        {
            "version": "1.2.0",
            "status": "stable",
            "kicad_version": "8.0",
            "download_sha256": "2a5c6f8587a1682ff97b6109fda3656808f82888fa90e4367ebe4a77cca9409f",
            "download_url": "https://github.com/SK-Electronics-Consulting/kicad-coil-generators/releases/download/v1.2.0/kicad-coil-generator-v1_2_0.zip",
            "install_size": 93505,
            "download_size": 28287
        }
    ]
}