{
    "$schema": "https://go.kicad.org/pcm/schemas/v1",
    "name": "pcb2blender",
    "description": "Export PCB 3D Models from KiCad to Blender",
    "description_full": "The pcb2blender workflow lets you create professionally looking product renders of all your KiCad projects in minutes! Simply export your board as a .pcb3d file in KiCad, import it into Blender and start creating!\n(Note for Linux/macOS users: If you run into any issues, make sure you're running python 3.10).\nIf you want to support this project, you can do so at https://github.com/sponsors/30350n",
    "identifier": "com.github.30350n.pcb2blender",
    "type": "plugin",
    "author": {
        "name": "Bobbe",
        "contact": {
            "web": "https://30350n.de/",
            "github": "https://github.com/30350n",
            "discord": "30350n"
        }
    },
    "maintainer": {
        "name": "Bobbe",
        "contact": {
            "web": "https://30350n.de/",
            "github": "https://github.com/30350n",
            "discord": "30350n"
        }
    },
    "license": "GPL-3.0",
    "resources": {
        "homepage": "https://github.com/30350n/pcb2blender"
    },
    "versions": [
        {
            "version": "2.15",
            "status": "stable",
            "kicad_version": "8.0",
            "kicad_version_max": "8.0",
            "download_sha256": "3fe3f6395bf2bd485b6eb7627190548c03c6dac53e16eb17811ba27fa8d1982e",
            "download_url": "https://github.com/30350n/pcb2blender/releases/download/v2.15-k8.0-b4.2/pcb2blender_exporter_v2-15_k8-0.zip",
            "download_size": 16430,
            "install_size": 27943
        },
        {
            "version": "2.13",
            "status": "stable",
            "kicad_version": "8.0",
            "download_sha256": "4b4cc92dde6d434861d2ecd76a76b22c20a8f69b6fa2ff6595fe7c10f2a0939a",
            "download_url": "https://github.com/30350n/pcb2blender/releases/download/v2.13-k8.0-b4.2/pcb2blender_exporter_v2-13_k8-0.zip",
            "download_size": 16407,
            "install_size": 27870
        },
        {
            "version": "2.12",
            "status": "stable",
            "kicad_version": "8.0",
            "download_sha256": "0499e61afa8828e6f07af326fb1f622491cf218820bc09970fd74df616ee5459",
            "download_url": "https://github.com/30350n/pcb2blender/releases/download/v2.12-k8.0-b4.1/pcb2blender_exporter_2-12.zip",
            "download_size": 16461,
            "install_size": 28343
        },
        {
            "version": "2.11",
            "status": "stable",
            "kicad_version": "8.0",
            "download_sha256": "ab316106da0cb6a1b17c5e176929f68a4407a60ed2866e88fe7f810b60114c75",
            "download_url": "https://github.com/30350n/pcb2blender/releases/download/v2.11-k8.0-b4.1/pcb2blender_exporter_2-11.zip",
            "download_size": 16426,
            "install_size": 28234
        },
        {
            "version": "2.10",
            "status": "stable",
            "kicad_version": "8.0",
            "download_sha256": "04de7595987df8e08a967e595effc8f912511023074f5df493937c58aac4d862",
            "download_url": "https://github.com/30350n/pcb2blender/releases/download/v2.10-k8.0-b4.1/pcb2blender_exporter_2-10.zip",
            "download_size": 16389,
            "install_size": 28145
        },
        {
            "version": "2.9",
            "status": "stable",
            "kicad_version": "7.0",
            "download_sha256": "58bd89250c49b3d95c112a68de14a773bfc9148ce72af72f5fe47757009e0d78",
            "download_url": "https://github.com/30350n/pcb2blender/releases/download/v2.9-k7.0-b4.0/pcb2blender_exporter_2-9.zip",
            "download_size": 16387,
            "install_size": 28143
        },
        {
            "version": "2.8",
            "status": "stable",
            "kicad_version": "7.0",
            "download_sha256": "e00c98bd55d18aade003dd9405a1b75291866867cdb9b71854e49e696c3c8989",
            "download_url": "https://github.com/30350n/pcb2blender/releases/download/v2.8-k7.0-b4.0/pcb2blender_exporter_2-8.zip",
            "download_size": 16311,
            "install_size": 27910
        },
        {
            "version": "2.7",
            "status": "stable",
            "kicad_version": "7.0",
            "download_sha256": "c4d8cd3528d5c38b5c071d4a3a8961e9d4aa09757173f7d9825995eefe46c453",
            "download_url": "https://github.com/30350n/pcb2blender/releases/download/v2.7-k7.0-b3.6/pcb2blender_exporter_2-7.zip",
            "download_size": 16246,
            "install_size": 27668
        },
        {
            "version": "2.2",
            "status": "stable",
            "kicad_version": "7.0",
            "download_sha256": "66186c4ee0970b991e52bd1cd6e98f1122a9e21b71aa72c0dac0201c78248ffe",
            "download_url": "https://github.com/30350n/pcb2blender/releases/download/v2.2-k7.0-b3.4/pcb2blender_exporter_2-2.zip",
            "download_size": 15416,
            "install_size": 24763
        },
        {
            "version": "2.1",
            "status": "stable",
            "kicad_version": "6.0",
            "download_sha256": "70a0c924c2362e33d72fc6094d06946faa0b9999af11525c40c39f83c774d635",
            "download_url": "https://github.com/30350n/pcb2blender/releases/download/v2.1-k6.0-b3.4/pcb2blender_exporter_2-1.zip",
            "download_size": 15429,
            "install_size": 24746
        },
        {
            "version": "2.0",
            "status": "stable",
            "kicad_version": "6.0",
            "download_sha256": "bdfb39c54ec056b3215d103d883d1d4590d96e0c8f7a841b2e9c25dc650cca02",
            "download_url": "https://github.com/30350n/pcb2blender/releases/download/v2.0-k6.0-b3.3/pcb2blender_exporter_2-0.zip",
            "download_size": 15381,
            "install_size": 24579
        },
        {
            "version": "1.7",
            "status": "stable",
            "kicad_version": "6.0",
            "download_sha256": "50107e70d2e72f6d4d079e87ea7f78e7566dfb0e58caacbe432fa5d5f8b3ad6e",
            "download_url": "https://github.com/30350n/pcb2blender/releases/download/v1.7-k6.0-b3.2/pcb2blender_exporter_1-7.zip",
            "download_size": 15081,
            "install_size": 23498
        },
        {
            "version": "1.4",
            "status": "stable",
            "kicad_version": "6.0",
            "download_sha256": "cb42107d3405fecfd50b85764ec3e6d12f95865a4ddb755149678b19f2e856e5",
            "download_url": "https://github.com/30350n/pcb2blender/releases/download/v1.4-k6.0-b3.2/pcb2blender_exporter_1-4.zip",
            "download_size": 15008,
            "install_size": 23377
        },
        {
            "version": "1.3",
            "status": "stable",
            "kicad_version": "6.0",
            "download_sha256": "067212710f51462a9c5a5696dc0bf59b7cbb68f58f03b0beca3488e58a021c13",
            "download_url": "https://github.com/30350n/pcb2blender/releases/download/v1.3-k6.0-b3.2/pcb2blender_exporter_1-3.zip",
            "download_size": 14920,
            "install_size": 23162
        },
        {
            "version": "1.2",
            "status": "stable",
            "kicad_version": "6.0",
            "download_sha256": "a8928d52b0f80f9ad147762c5febfe156358fd27f3b1760e96d3303b65c515fc",
            "download_url": "https://github.com/30350n/pcb2blender/releases/download/v1.2-k6.0-b3.1/pcb2blender_exporter_1-2.zip",
            "download_size": 14921,
            "install_size": 23161
        },
        {
            "version": "1.1",
            "status": "stable",
            "kicad_version": "6.0",
            "download_sha256": "68430a1d9f23ee62f512efa51881ce3260467926e54d536c351791367603ad51",
            "download_url": "https://github.com/30350n/pcb2blender/releases/download/v1.1-k6.0-b3.1/pcb2blender_exporter_1-1.zip",
            "download_size": 14933,
            "install_size": 23204
        },
        {
            "version": "1.0",
            "status": "stable",
            "kicad_version": "6.0",
            "download_sha256": "9673e2d3ed9e4e02490c4dbe9dc792dc921b92933d48fcd7227acf7af1826013",
            "download_url": "https://github.com/30350n/pcb2blender/releases/download/v1.0-k6.0-b3.1/pcb2blender_exporter_1-0.zip",
            "download_size": 14917,
            "install_size": 23173
        }
    ]
}