{
    "$schema": "https://go.kicad.org/pcm/schemas/v1",
    "name": "Gruvbox",
    "description": "A KiCAD adoptation of the Gruvbox theme",
    "description_full": "Gruvbox is a popular theme. Gruvbox all the things!",
    "identifier": "com.github.alexanderbrevig.kicad-gruvbox-theme",
    "type": "colortheme",
    "author": {
        "name": "Alexander Brevig",
        "contact": {
            "web": "https://alexanderbrevig.com"
        }
    },
    "maintainer": {
        "name": "Alexander Brevig",
        "contact": {
            "web": "https://alexanderbrevig.com"
        }
    },
    "license": "MIT",
    "resources": {
        "homepage": "https://github.com/alexanderbrevig/kicad-gruvbox-theme"
    },
    "versions": [
        {
            "version": "1.1",
            "status": "stable",
            "kicad_version": "6",
            "download_sha256": "637ea8efe153cc64380c7e8bf78b92d65f80c901c234dc4d0229cf8dc55b94df",
            "download_size": 12915,
            "download_url": "https://github.com/AlexanderBrevig/kicad-gruvbox-theme/releases/download/v1.1/Gruvbox_v1.1.zip",
            "install_size": 21285
        }
    ]
}