{
    "$schema": "https://go.kicad.org/pcm/schemas/v1",
    "name": "Parasitics",
    "description": "Plugin to analyze the wires in the PCB editor.",
    "description_full": "Plugin to analyze the wires in the PCB editor. To use the plugin, two points must be marked on the board. This is best two pads that are connected with a wire. The tool then determines the DC resistance between the two points. A parasitic inductance wired also estimated. In future versions, the parasitic capacitance to the ground plane will be determined.",
    "identifier": "com.github.Steffen-W.KiCad-Parasitics",
    "type": "plugin",
    "author": {
        "name": "Steffen Wittemeier",
        "contact": {
            "github": "https://github.com/Steffen-W"
        }
    },
    "maintainer": {
        "name": "Steffen Wittemeier",
        "contact": {
            "github": "https://github.com/Steffen-W"
        }
    },
    "license": "GPL-3.0",
    "resources": {
        "homepage": "https://github.com/Steffen-W/KiCad-Parasitics"
    },
    "tags": [
        "postlayoutsimulation",
        "inductor",
        "resistor",
        "capacitor"
    ],
    "versions": [
        {
            "version": "2023.10.27",
            "status": "stable",
            "kicad_version": "7.00",
            "download_sha256": "f34b73264e6fb272c8633554b906a0a8d9cdf7ccc1f46bcadba86a6fba8b0c84",
            "download_size": 22933,
            "download_url": "https://github.com/Steffen-W/KiCad-Parasitics/releases/download/2023.10.27/KiCad-Parasitics.zip",
            "install_size": 66884
        },
        {
            "version": "2023.10.11",
            "status": "stable",
            "kicad_version": "7.00",
            "download_sha256": "c69fc13633bc22587fa8848c832e60fc653b193c161d2df1ceb4fe38bbcd3838",
            "download_size": 22604,
            "download_url": "https://github.com/Steffen-W/KiCad-Parasitics/releases/download/2023.10.11/KiCad-Parasitics.zip",
            "install_size": 67026
        },
        {
            "version": "2023.09.29",
            "status": "stable",
            "kicad_version": "7.00",
            "download_sha256": "3b9060b3bddddd4d25849bf57cfeb86a5d1c41badd793e5e0c08617a3fd4e68f",
            "download_size": 22257,
            "download_url": "https://github.com/Steffen-W/KiCad-Parasitics/releases/download/2023.09.29/KiCad-Parasitics.zip",
            "install_size": 65128
        },
        {
            "version": "2023.09.27",
            "status": "stable",
            "kicad_version": "7.00",
            "download_sha256": "a1e147532caf614aeec4c93466ced794c2dfef9f75dc058fb77d12b7a5835e6b",
            "download_size": 46452,
            "download_url": "https://github.com/Steffen-W/KiCad-Parasitics/releases/download/2023.09.27/KiCad-Parasitics.zip",
            "install_size": 115988
        },
        {
            "version": "2023.09.20",
            "status": "stable",
            "kicad_version": "7.00",
            "download_sha256": "523d77af16ef5fe976daf4bb9fc61fcf2a3d3782e65dd6c0c4f5d33bdac26842",
            "download_size": 122426,
            "download_url": "https://github.com/Steffen-W/KiCad-Parasitics/releases/download/2023.09.20/KiCad-Parasitics.zip",
            "install_size": 613633
        }
    ]
}
