{
  "$schema": "https://go.kicad.org/pcm/schemas/v1",
  "name": "KiBuzzard",
  "description": "Custom font label generator",
  "description_full": "A label generator that renders svgs from truetype fonts, and creates silkscreen footprints for your PCB. Based of a similar plugin for Cadsoft Eagle called Buzzard",
  "identifier": "com.github.gregdavill.KiBuzzard",
  "type": "plugin",
  "author": {
    "name": "Greg Davill",
    "contact": {
      "github": "https://github.com/gregdavill",
      "web": "https://gregdavill.com",
      "twitter": "https://twitter.com/gregdavill"
    }
  },
  "maintainer": {
    "name": "Greg Davill",
    "contact": {
      "github": "https://github.com/gregdavill",
      "web": "https://gregdavill.com",
      "twitter": "https://twitter.com/gregdavill"
    }
  },
  "license": "MIT",
  "resources": {
    "homepage": "https://github.com/gregdavill/KiBuzzard"
  },
  "versions": [
    {
      "version": "1.5.0",
      "status": "stable",
      "kicad_version": "6.0",
      "install_size": 24007595,
      "download_size": 7673952,
      "download_sha256": "d786fea64ba6576a58524888ad139d713f138514fb75a80b74d3f44c88649404",
      "download_url": "https://github.com/gregdavill/KiBuzzard/releases/download/1.5.0/KiBuzzard-1.5.0-pcm.zip"
    },
    {
      "version": "1.6.0",
      "status": "stable",
      "kicad_version": "5.99",
      "install_size": 27631911,
      "download_size": 7775467,
      "download_sha256": "300501596a945dc78392aeaff57078e3af66fca510b65776dda9e400a6653eeb",
      "download_url": "https://github.com/gregdavill/KiBuzzard/releases/download/1.6.0/KiBuzzard-1.6.0-pcm.zip"
    }
  ]
}