{
    "$schema": "https://go.kicad.org/pcm/schemas/v1",
    "name": "Black-White Theme",
    "description": "Designed for printing",
    "description_full": "Designed for printing",
    "identifier": "com.github.pointhi.kicad-color-schemes.black-white",
    "type": "colortheme",
    "author": {
        "name": "Thomas Pointhuber",
        "contact": {
            "web": "https://github.com/pointhi/kicad-color-schemes/"
        }
    },
    "maintainer": {
        "name": "Thomas Pointhuber",
        "contact": {
            "web": "https://github.com/pointhi/kicad-color-schemes/"
        }
    },
    "license": "CC0-1.0",
    "resources": {
        "Github": "https://github.com/pointhi/kicad-color-schemes"
    },
    "versions": [
        {
            "version": "1.2",
            "status": "stable",
            "kicad_version": "5.99",
            "download_sha256": "a6efe8dcbaf9d5e579dd9f565ed8c02ad30a896761b2c2fcc1911c7df8bce754",
            "download_size": 3972,
            "download_url": "https://github.com/pointhi/kicad-color-schemes/releases/download/2021-12-05/com.github.pointhi.kicad-color-schemes.black-white_v1.2_pcm.zip",
            "install_size": 5161
        }
    ]
}
