{
    "$schema": "https://go.kicad.org/pcm/schemas/v1",
    "name": "Keyswitch Kicad Library",
    "description": "Keyboard switch footprint library",
    "description_full": "This package contains footprints for popular keyboard switches, these are generated automatically.\nSupported footprints:\n\n- Cherry MX or equivalent, Plate and PCB mount.\n- Alps/Matias or equivalent.\n- Hybrid footprints for Cherry MX and Alps/Matias (accepts both).\n- Kailh Choc low profile switches (version 1).\n- Kailh Hotswap sockets for Cherry MX equivalent switches.\n",
    "identifier": "com.github.perigoso.keyswitch-kicad-library",
    "type": "library",
    "author": {
        "name": "Rafael Silva (perigoso)",
        "contact": {
            "email": "perigoso@riseup.net"
        }
    },
    "license": "CC-BY-SA-4.0",
    "resources": {
        "Github": "https://github.com/perigoso/keyswitch-kicad-library"
    },
    "tags": [
        "footprint",
        "library",
        "keyswitch",
        "keyboard"
    ],
    "versions": [
        {
            "version": "2.2",
            "status": "stable",
            "kicad_version": "5.1",
            "download_url": "https://github.com/kiswitch/keyswitch-kicad-library/releases/download/v2.2/keyswitch-kicad-library.zip",
			"download_sha256": "e3cfede28eb7cf1d590d149bfc292fa8d772bc3b33bc52b83a87bcae1ba3f7e8",
            "download_size": 7539262,
            "install_size": 36095418
        },
        {
            "version": "2.3",
            "status": "stable",
            "kicad_version": "5.1",
            "download_url": "https://github.com/kiswitch/keyswitch-kicad-library/releases/download/v2.3/keyswitch-kicad-library.zip",
			"download_sha256": "869fe4ce7e988f6cbbf8c0411d94c1a5c32244bdef6eca589048e7cc31e341a5",
            "download_size": 7922892,
            "install_size": 38217581
        },
        {
            "version": "2.4",
            "status": "stable",
            "kicad_version": "5.1",
            "download_url": "https://github.com/kiswitch/keyswitch-kicad-library/releases/download/v2.4/keyswitch-kicad-library.zip",
			"download_sha256": "b38d56323acb91ad660567340ca938c5b4a83a27eea52308ef14aa7857b0071b",
            "download_size": 7808392,
            "install_size": 37552156
        }
    ]
}
