{
    "$schema": "https://go.kicad.org/pcm/schemas/v1",
    "name": "KiCad用PCBGOGOプラグイ",
    "description": "PCBGOGOを送信して、基板製造と部品実装サービスを利用しましょう。",
    "description_full": "KiCadでプリント基板の設計が完了すると、PCBGOGOプラグインボタンをクリックする\nことですぐに見積りをすることができ、PCBGOGOウェブ簡単見積もりページにプリント\n基板のレイアウトファイルが送信され、製造価格が自動的に計算されます。\n注意点：デフォルトの注文数量は5個です。\nPCBGOGOについて\nPCBGOGOは、クイックターンPCBの試作品やプリント基板の組み立てだけでなく、\n中・小容量のプリント基板の製造にも高い専門性に特化しています。三つの工場が\n17,000平方メートル以上の規模で設立されています。",
    "identifier": "com.github.pcbgogo.PCBGOGO-JP-Plug-in-for-Kicad",
    "type": "plugin",
    "author": {
        "name": "PCBGOGO.jp",
        "contact": {
            "web": "https://www.pcbgogo.jp"
        }
    },
    "maintainer": {
        "name": "PCBGOGO.jp",
        "contact": {
            "web": "https://www.pcbgogo.jp"
        }
    },
    "license": "MIT",
    "resources": {
        "homepage": "https://github.com/pcbgogodev/PCBGOGO-JP-Plug-in-for-Kicad"
    },
    "versions": [
      {
        "version": "0.1.2",
        "status": "testing",
        "kicad_version": "6.00",
        "install_size": 15241,
        "download_size": 10187,
        "download_sha256": "8867901a893da0c812616673ff59c61e3152e7cd0b3f928f621d01a6be70fbef",
        "download_url": "https://github.com/pcbgogodev/PCBGOGO-JP-Plug-in-for-Kicad/releases/download/0.1.2/KiCadToPCBGOGOJP_v0.1.2.zip"
      }
    
    ]
}
