{
    "$schema": "https://go.kicad.org/pcm/schemas/v1",
    "name": "Bulk hide silkscreen designators",
    "description": "Hide all silkscreen reference designators for selected footprints",
    "description_full": "Hide all silkscreen reference designators for selected footprints",
    "identifier": "com.github.ulikoehler.kicad-bulk-hide-silkscreen-designators",
    "type": "plugin",
    "author": {
        "name": "Uli Köhler",
        "contact": {
            "web": "https://techoverflow.net",
            "github": "https://github.com/ulikoehler"
        }
    },
    "maintainer": {
        "name": "Uli Köhler",
        "contact": {
            "web": "https://techoverflow.net",
            "github": "https://github.com/ulikoehler"
        }
    },
    "license": "CC0-1.0",
    "resources": {
        "homepage": "https://github.com/ulikoehler/KiCADBulkHideSilkscreenDesignators"
    },
    "tags": [
        "silkscreen",
        "hide",
        "visible",
        "efficiency"
    ],
    "versions": [
        {
            "version": "1.0.0",
            "status": "stable",
            "kicad_version": "6.0",
            "download_url": "https://github.com/ulikoehler/KiCADBulkHideSilkscreenDesignators/releases/download/v1.0.0/kicad-package.zip",
            "download_sha256": "1ed6606cfe6089b11a4197508db0dd12181443d8128649d362530c34bc03d5e0",
            "download_size": 5458,
            "install_size": 5897
        }
    ]
}