{
    "$schema": "https://go.kicad.org/pcm/schemas/v1",
    "name": "Witch Hazel",
    "description": "Dark theme designed by @theacodes",
    "description_full": "Dark theme designed by @theacodes",
    "identifier": "codes.thea.witchhazel",
    "type": "colortheme",
    "author": {
        "name": "Alethea Katherine Flowers",
        "contact": {
            "web": "https://thea.codes"
        }
    },
    "maintainer": {
        "name": "Alethea Katherine Flowers",
        "contact": {
            "web": "https://thea.codes"
        }
    },
    "license": "Apache-2.0",
    "resources": {
        "Website": "https://witchhazel.thea.codes",
        "Github": "https://github.com/theacodes/witchhazel"
    },
    "versions": [{
        "version": "2022.11.18",
        "status": "stable",
        "kicad_version": "6.0",
        "download_sha256": "bac5022d0b7c83b865a446eeb77466dc34f7c0a47035bb653ef5dbe414105721",
        "download_url": "https://github.com/theacodes/witchhazel/releases/download/2022.11.18/kicad-witchhazel.zip",
        "download_size": 7281,
        "install_size": 13890
    }]
}
