{
    "$schema": "https://go.kicad.org/pcm/schemas/v1",
    "name": "wLight Theme",
    "description": "Designed by wykys, Inspired by Altium",
    "description_full": "Designed by wykys, Inspired by Altium",
    "identifier": "com.github.pointhi.kicad-color-schemes.wlight",
    "type": "colortheme",
    "author": {
        "name": "Jan Vykydal",
        "contact": {
            "web": "https://github.com/wykys"
        }
    },
    "maintainer": {
        "name": "Thomas Pointhuber",
        "contact": {
            "web": "https://github.com/pointhi/kicad-color-schemes/"
        }
    },
    "license": "CC0-1.0",
    "resources": {
        "Github": "https://github.com/pointhi/kicad-color-schemes"
    },
    "versions": [
        {
            "version": "1.1",
            "status": "stable",
            "kicad_version": "5.99",
            "download_sha256": "73b9810725f93c85982d554fc3c500715bdd4bcce5559d735f229c5a8174cc7b",
            "download_size": 4322,
            "download_url": "https://github.com/pointhi/kicad-color-schemes/releases/download/2021-12-05/com.github.pointhi.kicad-color-schemes.wlight_v1.1_pcm.zip",
            "install_size": 5486
        }
    ]
}
