{
    "$schema": "https://go.kicad.org/pcm/schemas/v1",
    "name": "Monokai High Contrast",
    "description": "high contrast monokai theme arranged by @74th",
    "description_full": "high contrast monokai theme arranged by @74th",
    "identifier": "com.github.74th.kicad-highcontrast-monokai-theme.monokai-high-contrast",
    "type": "colortheme",
    "author": {
        "name": "Atsushi Morimoto (@74th)",
        "contact": {
            "web": "https://github.com/74th"
        }
    },
    "maintainer": {
        "name": "Atsushi Morimoto (@74th)",
        "contact": {
            "web": "https://github.com/74th/kicad-highcontrast-monokai-theme"
        }
    },
    "license": "MIT",
    "resources": {
        "Github": "https://github.com/74th/kicad-highcontrast-monokai-theme"
    },
    "versions": [
        {
            "version": "1.0.1",
            "status": "stable",
            "kicad_version": "6.00",
            "download_sha256": "a631d510e3ec69d5076c8d105695ae88099b3d16e1f5bf88b00002d1311b7f86",
            "download_size": 12585,
            "download_url": "https://github.com/74th/kicad-highcontrast-monokai-theme/releases/download/v1.0.1/com.github.74th.kicad-highcontrast-monokai-theme.monokai-high-contrast_v1.0.1_pcm.zip",
            "install_size": 20923
        }
    ]
}
