{
  "$schema": "https://go.kicad.org/pcm/schemas/v1",
  "name": "AISLER Push for KiCad",
  "description": "Push your layout to AISLER with just one click for instant Powerful Prototyping",
  "description_full": "Want to use Powerful Prototyping or Amazing Assembly from AISLER? This plugin will provide you with a convenient one-click push to our service.\nWhen you click the AISLER Push-Button we will export your project's\n\u2022 Gerber Files in the right format, so that production will run ultra-smooth\n\u2022 IPC-Netlist-File to enable Smart Tests for production so that you get feedback down to the tiniest trace on how to improve your design for production\n\u2022 BOM-file to import all components you have already assigned in your project\n\u2022 P'n'P-file to get your project ready for assembly\nOnce the upload (which will only take a couple of seconds) is complete you can place your order within less than one minute. If you iterate on your design and click the push button again, we will make sure your project is only stored as a new revision on our server.\nAbout AISLER:\nAISLER makes hardware less hard by providing simple electronics manufacturing for everyone. We are based in Europe and focus on amazingly affordable prices, super swift delivery and outstanding customer support. We are KiCad Platinum Sponsor as we donate a significant amount of our revenues made from KiCad designs back to the project.",
  "identifier": "com.github.aislerhq.PushForKiCad",
  "type": "plugin",
  "author": {
    "name": "AISLER B.V.",
    "contact": {
      "github": "https://github.com/aislerhq",
      "web": "https://aisler.net",
      "twitter": "https://twitter.com/aislerhq"
    }
  },
  "maintainer": {
    "name": "AISLER B.V.",
    "contact": {
      "github": "https://github.com/aislerhq",
      "web": "https://aisler.net",
      "twitter": "https://twitter.com/aislerhq"
    }
  },
  "license": "MIT",
  "resources": {
    "homepage": "https://github.com/aislerhq/PushForKiCad"
  },
  "versions": [
    {
      "version": "0.2.1",
      "status": "stable",
      "kicad_version": "8.00",
      "install_size": 18837,
      "download_size": 12397,
      "download_sha256": "f1f880f514dd845a12f720d46a9302ff38957bdf0a40343d063340f9b1143f38",
      "download_url": "https://github.com/aislerhq/PushForKiCad/releases/download/0.2.1/PushForKiCad-0.2.1-pcm.zip"
    }
  ]
}