{
    "$schema": "https://go.kicad.org/pcm/schemas/v1",
    "name": "gerber to order",
    "description": "Create gerber files for some PCB order services.",
    "description_full": "Create zip files which includes gerber files for each PCB services.",
    "identifier": "com.github.asukiaaa.gerber-to-order",
    "type": "plugin",
    "author": {
        "name": "Asuki Kono",
        "contact": {
            "web": "https://asukiaaa.blogspot.com"
        }
    },
    "license": "MIT",
    "resources": {
        "homepage": "https://github.com/asukiaaa/gerber_to_order"
    },
    "versions": [
        {
            "version": "1.0.6",
            "status": "stable",
            "kicad_version": "7.0",
            "download_size": 19952,
            "download_sha256": "517ac8cd2b60ae3a1dfa1351f5574c279ed82a78b881feabfb9e85b6db1a722e",
            "download_url": "https://github.com/asukiaaa/gerber_to_order/releases/download/1.0.6/kicad-addon.zip",
            "install_size": 33615
        },
        {
            "version": "1.0.5",
            "status": "stable",
            "kicad_version": "7.0",
            "download_size": 19952,
            "download_sha256": "943989bda029953b98bc4f3bad42cb58f265298a3dbba2eb81e5c73152f00102",
            "download_url": "https://github.com/asukiaaa/gerber_to_order/releases/download/1.0.5/kicad-addon.zip",
            "install_size": 33615
        },
        {
            "version": "1.0.4",
            "status": "stable",
            "kicad_version": "6.0",
            "download_size": 19910,
            "download_sha256": "3abede16c67eab46a21287d79571d35d262f9c770a74b2ba4215d8576364d6bb",
            "download_url": "https://github.com/asukiaaa/gerber_to_order/releases/download/1.0.4/kicad-addon.zip",
            "install_size": 33447
        },
        {
            "version": "1.0.3",
            "status": "stable",
            "kicad_version": "6.0",
            "download_size": 19910,
            "download_sha256": "9f26171948514baa4466ed3c3a9e17f69375bc8f266fb65287d715fac80302ac",
            "download_url": "https://github.com/asukiaaa/gerber_to_order/releases/download/1.0.3/kicad-addon.zip",
            "install_size": 33448
        },
        {
            "version": "1.0.2",
            "status": "stable",
            "kicad_version": "6.0",
            "download_size": 19858,
            "download_sha256": "c03d99400a62fa2e3ce17699af01d75ea0aca897c8e1d281fa31020b7ecb8fc8",
            "download_url": "https://github.com/asukiaaa/gerber_to_order/releases/download/1.0.2/kicad-addon.zip",
            "install_size": 33329
        },
        {
            "version": "1.0.1",
            "status": "stable",
            "kicad_version": "6.0",
            "download_size": 19851,
            "download_sha256": "4a937d06316c02b710017d4c96d6905b824acdce993f6d7666cf9df862e91be1",
            "download_url": "https://github.com/asukiaaa/gerber_to_order/releases/download/1.0.1/kicad-addon.zip",
            "install_size": 33318
        },
        {
            "version": "1.0.0",
            "status": "stable",
            "kicad_version": "6.0",
            "kicad_version_max": "6.0",
            "download_size": 19695,
            "download_sha256": "fbe8eeb68cd4d4c204333c9e88dabc502ab969ec1ef6beab097fa9870796a872",
            "download_url": "https://github.com/asukiaaa/gerber_to_order/releases/download/1.0.0/kicad-addon.zip",
            "install_size": 32808
        }
    ]
}
