{
    "$schema": "https://go.kicad.org/pcm/schemas/v1",
    "name": "KiVar",
    "description": "PCB Assembly Variants for KiCad",
    "description_full": "This plugin provides multi-aspect PCB assembly variant selection.\nIt assigns component values, field content, footprint attributes (such as 'Do not populate') and features (e.g. solder paste application or individual 3D model visibility) according to variation rules specified in component fields.\n\u2014 Key Concepts \u2014\n\u2022 Designs may contain multiple independent variation aspects (i.e. dimensions or degrees of freedom).\n\u2022 Variation rules are fully contained in the native design files (no external files) and portable (copying parts to another design keeps variation specification intact).\n\u2022 Component data is modified in place, enabling compatibility with any exporter.\n\u2022 No external state information is stored; currently matching variation choices are detected automatically.\n\u2014 Documentation and Demo Project \u2014\nThe variation expression syntax specification and rule examples can be found in the 'Documentation' resource link.\nA demo KiCad project is contained in the source code repository, which can be downloaded as an archive from the 'Source and Demo' resource link.\n\u2014 Support \u2014\nIf you find bugs or want to discuss ideas or questions, please follow the 'Issue Tracker' resource link.",
    "identifier": "de.markh.kivar",
    "type": "plugin",
    "author": {
        "name": "Mark H\u00e4mmerling",
        "contact": {
            "github": "https://github.com/markh-de"
        }
    },
    "license": "MIT",
    "resources": {
        "Documentation": "https://github.com/markh-de/KiVar/blob/main/README.md",
        "Source and Demo": "https://github.com/markh-de/KiVar/archive/refs/heads/main.zip",
        "Issue Tracker": "https://github.com/markh-de/KiVar/issues",
        "License": "https://raw.githubusercontent.com/markh-de/KiVar/main/LICENSE"
    },
    "versions": [
        {
            "version": "0.4.2",
            "status": "testing",
            "kicad_version": "8.0",
            "download_sha256": "dbcc864b740b789d2e5a2121e62b4bb3b808c1b9624567cbab6a7d0f11f7e02b",
            "download_size": 22143,
            "download_url": "https://github.com/markh-de/KiVar/releases/download/v0.4.2/kivar-0.4.2-pcm.zip",
            "install_size": 65739
        },
        {
            "version": "0.4.1",
            "status": "testing",
            "kicad_version": "8.0",
            "kicad_version_max": "8.90",
            "download_sha256": "11c4b0ae1806c71fe867a31f1c484a04f12a4b14affdeb16915e92cb563860e2",
            "download_size": 21715,
            "download_url": "https://github.com/markh-de/KiVar/releases/download/v0.4.1/kivar-0.4.1-pcm.zip",
            "install_size": 63183
        },
        {
            "version": "0.4.0",
            "status": "testing",
            "kicad_version": "8.0",
            "kicad_version_max": "8.90",
            "download_sha256": "511a58cd03b9960695f37574748b74a1c6299308166b97b56cd8a1c88dd5c26d",
            "download_size": 20591,
            "download_url": "https://github.com/markh-de/KiVar/releases/download/v0.4.0/kivar-0.4.0-pcm.zip",
            "install_size": 60475
        },
        {
            "version": "0.3.0",
            "status": "testing",
            "kicad_version": "8.0",
            "kicad_version_max": "8.90",
            "download_sha256": "6d65a2ca8b267be63399876d7dd3a0ed9995a2318f7e81b83fa4192c4649b1d2",
            "download_size": 19923,
            "download_url": "https://github.com/markh-de/KiVar/releases/download/v0.3.0/kivar-0.3.0-pcm.zip",
            "install_size": 61593
        },
        {
            "version": "0.2.1",
            "status": "testing",
            "kicad_version": "8.0",
            "kicad_version_max": "8.90",
            "download_sha256": "b6cae5f1abc8ee55629d4da8fbd240bc846683c1fc2474513df89afc5b785e1f",
            "download_size": 18423,
            "download_url": "https://github.com/markh-de/KiVar/releases/download/v0.2.1/kivar-0.2.1-pcm.zip",
            "install_size": 54251
        },
        {
            "version": "0.1.2",
            "status": "testing",
            "kicad_version": "7.0",
            "kicad_version_max": "8.90",
            "download_sha256": "c718e43460a645ce4b6fd50f114d2e6db3b633af3a367f0d63f981cb813cbc13",
            "download_size": 13650,
            "download_url": "https://github.com/markh-de/KiVar/releases/download/v0.1.2/kivar-v0.1.2-pcm.zip",
            "install_size": 37409
        }
    ]
}