{
  "$schema": "https://go.kicad.org/pcm/schemas/v1",
  "name": "kicad-action-scripts",
  "description": "ViaStitching and more tools ",
  "description_full": "Via stitching action tool and circular zone builder action tool. Use the action menu/toolbar feature.",
  "identifier": "com.github.jsreynaud.kicad-action-scripts",
  "type": "plugin",
  "author": {
    "name": "jsreynaud",
    "contact": {
      "email": "js.reynaud@gmail.com"
    }
  },
  "license": "GPL-2.0",
  "resources": {
    "Github": "https://github.com/jsreynaud/kicad-action-scripts",
    "Readme": "https://github.com/jsreynaud/kicad-action-scripts/blob/master/README.md"
  },
  "tags": [
    "annular",
    "pcbnew",
    "dxf",
    "grid",
    "mcad"
  ],
  "versions": [
    {
      "version": "5.1.1",
      "download_sha256": "3790d1ca1e4dc9b0d2fa68c61b3afa8453c4bf6a11dc3b46597195b6bf9126c2",
      "download_size": 51235,
      "install_size": 297879,
      "status": "stable",
      "kicad_version": "5.1",
      "kicad_version_max": "5.1",
      "download_url": "https://github.com/jsreynaud/kicad-action-scripts/releases/download/v5.1-0.2.0/kicad-action-scripts_v5.1-0.2.0.zip",
      "platforms": [
        "linux",
        "macos",
        "windows"
      ]
    },
    {
      "version": "6.0.1",
      "download_sha256": "976525775d5a2d74be17bc2f6b23e4a660cd6554686eb8c4990234b052be2ede",
      "download_size": 52163,
      "install_size": 276266,
      "status": "stable",
      "kicad_version": "6.0",
      "kicad_version_max": "6.0",
      "download_url": "https://github.com/jsreynaud/kicad-action-scripts/releases/download/v6.0-0.2.0/kicad-action-scripts_v6.0-0.2.0.zip",
      "platforms": [
        "linux",
        "macos",
        "windows"
      ]
    },
    {
      "version": "7.0.3",
      "download_sha256": "643ea19928db3a8451d044e9cfa42cd3ee452bc8a72bfc6b0d60f68c1748e5cc",
      "download_size": 51208,
      "install_size": 276785,
      "status": "stable",
      "kicad_version": "7.0",
      "kicad_version_max": "7.0",
      "download_url": "https://github.com/jsreynaud/kicad-action-scripts/releases/download/v7.0-0.3.0/kicad-action-scripts_v7.0-0.3.0.zip",
      "platforms": [
        "linux",
        "macos",
        "windows"
      ]
    },
    {
      "version": "7.0.4",
      "download_sha256": "922f5daac3ad5daeb76fb128ff509a108b37ddfcd4d8bf0902a95e1ab7f3c042",
      "download_size": 51780,
      "install_size": 288098,
      "status": "stable",
      "kicad_version": "7.0",
      "kicad_version_max": "7.0",
      "download_url": "https://github.com/jsreynaud/kicad-action-scripts/releases/download/v7.0-0.4.0/kicad-action-scripts_v7.0-0.4.0.zip",
      "platforms": [
        "linux",
        "macos",
        "windows"
      ]
    },
    {
      "version": "8.0.5",
      "download_sha256": "79f0c0b4b0a2d99d1606a3d391139eba3b9990447a9a23f8d9c3fccab0d861c0",
      "download_size": 51689,
      "install_size": 286862,
      "status": "stable",
      "kicad_version": "8.0",
      "kicad_version_max": "8.0",
      "download_url": "https://github.com/jsreynaud/kicad-action-scripts/releases/download/v8.0-0.5.0/kicad-action-scripts_v8.0-0.5.0.zip",
      "platforms": [
        "linux",
        "macos",
        "windows"
      ]
    }
  ]
}
