{
    "$schema": "https://go.kicad.org/pcm/schemas/v1",
    "name": "CB KiCAD Libraries",
    "description": "User-friendly library package for beginners by CircuitBreakers Robotics",
    "description_full": "CircuitBreakers Robotics KiCAD library pack is a collection of common electronic components libraries for the free and open-source KiCAD PCB design software. The goal of CircuitBreakers KiCAD Libraries is to provide a user-friendly library package  for beginners.",
    "identifier": "com.github.circuitbreakersrobotics.CB-KiCAD-Libraries",
    "type": "library",
    "author": {
     "name": "CircuitBreakers Robotics",
     "contact": {
      "web": "https://circuitbreakerssl.com"
     }
    },
    "maintainer": {
     "name": "CircuitBreakers Robotics",
     "contact": {
      "web": "https://circuitbreakerssl.com"
     }
    },
    "license": "CC-BY-SA-4.0",

    "versions": [ 
        
    ],

    "resources": {
        "GitHub": "https://github.com/circuitbreakersrobotics/CB_KiCAD_Libraries"
    }

   }