{
  "$schema": "https://go.kicad.org/pcm/schemas/v1",
  "name": "KiCAD Testpoints",
  "description": "Generate testpoint reports",
  "description_full": "Uses the fabrication property of pads to mark them as test points. The plugin reads those properties and generates a spreadsheet with the pad identifiers, nets, characteristics, and position on the board. The report is generated in the standard JigsApp format.",
  "identifier": "com.github.TheJigsApp.kicadtestpoints-pcm",
  "type": "plugin",
  "author": {
    "name": "The JigsApp",
    "contact": {
      "web": "https://www.thejigsapp.com",
      "github": "https://github.com/TheJigsApp"
    }
  },
  "maintainer": {
    "name": "The JigsApp",
    "contact": {
      "web": "https://www.thejigsapp.com",
      "github": "https://github.com/TheJigsApp"
    }
  },
  "license": "LGPL-3.0",
  "resources": {
    "homepage": "https://github.com/TheJigsApp/kicad-testpoints-pcm"
  },
  "versions": [
    {
      "version": "0.1.7",
      "status": "stable",
      "kicad_version": "8.0",
      "download_url": "https://github.com/TheJigsApp/kicad-testpoints-pcm/releases/download/v0.1.7/kicadtestpoints-0.1.7-pcm.zip",
      "download_sha256": "9ffffa4ef07cd2454406b48ee667f7afec7a288678908593cfa7bdb7e2171939",
      "download_size": 10766,
      "install_size": 16282
    },
    {
      "version": "0.1.8",
      "status": "stable",
      "kicad_version": "8.0",
      "download_url": "https://github.com/TheJigsApp/kicad-testpoints-pcm/releases/download/v0.1.8/kicadtestpoints-0.1.8-pcm.zip",
      "download_sha256": "87f8a9b4dc2773bc83c3100a2bd9176a3db1f998e0a3e020cf72e18287d0f4b8",
      "download_size": 11750,
      "install_size": 19540
    },
    {
      "version": "0.1.11",
      "status": "stable",
      "kicad_version": "8.0",
      "download_url": "https://github.com/TheJigsApp/kicad-testpoints-pcm/releases/download/v0.1.11/kicadtestpoints-0.1.11-pcm.zip",
      "download_sha256": "7b548576a57534e4370fade2bcc3ecbef79cac99f4a2b83806ea636fe5e7eb11",
      "download_size": 16213,
      "install_size": 29172
    }
  ]
}
