{
    "$schema": "https://go.kicad.org/pcm/schemas/v1",
    "name": "Pinout Generator",
    "description": "Generates pinouts of components from a PCB file to various formats",
    "description_full": "This KiCad plugin generates pinouts of components from a PCB file to various formats:\n\u2022 Text formats for documentation: Markdown table, HTML table, CSV, List (tab separated), WireViz\n\u2022 Code format for software development: C/C++ enums, C/C++ #define, Python/MicroPython dict., Xilinx XDC constraint (FPGA), Microsemi PDC constraint (FPGA)\n\nExample applications:\n\u2022 Automatically create the pin assignement from a microcontroller to C code,\n\u2022 Generate interface documents for connectors.",
    "identifier": "com.github.cgrassin.kicad-pinout-generator",
    "type": "plugin",
    "author": {
        "name": "Charles Grassin",
        "contact": {
            "github": "https://github.com/CGrassin",
            "web": "https://charleslabs.fr"
        }
    },
    "license": "MIT",
    "resources": {
        "homepage": "https://github.com/CGrassin/kicad-pinout-generator"
    },
    "versions": [
        {
            "version": "1.0",
            "status": "stable",
            "kicad_version": "6.0",
            "kicad_version_max": "7.0",
            "download_sha256": "4ac7e7f0d14279cf2d2c714ce8ee25bdddf0dbd3f5725a9b335e7d217947a117",
            "download_size": 9164,
            "install_size": 20261,
            "download_url": "https://github.com/CGrassin/kicad-pinout-generator/releases/download/release_1.0/kicad-pinout-generator_1.0.zip"
        },
        {
            "version": "1.1",
            "status": "stable",
            "kicad_version": "6.0",
            "kicad_version_max": "7.0",
            "download_sha256": "deedb39c24cb123131b0f229efe891a48613123050929f2567af81632716ff0b",
            "download_size": 9400,
            "install_size": 21219,
            "download_url": "https://github.com/CGrassin/kicad-pinout-generator/releases/download/release_1.1/kicad-pinout-generator_1.1.zip"
        }
    ]
}