{
    "$schema": "https://go.kicad.org/pcm/schemas/v1",
    "name": "Hide References",
    "description": "A plugin to toggle visibility of all reference designators",
    "description_full": "This plugin allows to hide all reference designators in a Layout file at the click of a single button, if all references are hidden, all will be shown",
    "identifier": "com.github.joelsa.kicad-hide-references-plugin",
    "type": "plugin",
    "author": {
        "name": "Joel Schulz-Andres",
        "contact": {
            "github": "https://github.com/joelsa"
        }
    },
    "maintainer": { 
        "name": "Joel Schulz-Andres",
        "contact": {
            "github": "https://github.com/joelsa/kicad-hide-references-plugin"
        }
    },
    "license": "GPL-3.0",
    "resources": {
        "homepage": "https://github.com/joelsa/kicad-hide-references-plugin"
    },
    "versions": [
        {
            "version": "1.0",
            "status": "stable",
            "kicad_version": "7.0",
            "download_sha256": "999c580cdd339c1becb1b64b6522b4b910be5ce10c54be59673d0522e33b8edd",
            "download_size": 6407,
            "download_url": "https://github.com/joelsa/kicad-hide-references-plugin/releases/download/v1.0/hide_references.zip",
            "install_size": 6126
        }
    ]
}
