{
  "$schema": "https://go.kicad.org/pcm/schemas/v1",
  "name": "Nuova Elettronica - Theme",
  "description": "Theme with the colors of the italian former-magazine Nuova Elettronica",
  "description_full": "Theme with the colors of the italian former-magazine Nuova Elettronica",
  "identifier": "com.github.tormyvancool.NuovaElettronica.Theme",
  "type": "colortheme",
  "author": {
    "name": "Tormy Van Cool",
    "contact": {
      "web": "https://github.com/tormyvancool/"
    }
  },
  "maintainer": {
    "name": "Tormy Van Cool",
    "contact": {
      "web": "https://github.com/tormyvancool/"
    }
  },
  "license": "CC0-1.0",
  "resources": {
    "Github": "https://github.com/tormyvancool/NuovaElettronica/tree/main/Theme"
  },
  "versions": [
    {
      "version": "1.0",
      "status": "stable",
      "kicad_version": "8.0",
      "download_sha256": "d0a2d5b242d7a1920ba65ae680ab2c05064b9534ee4325b6a9e331151a6dc043",
      "download_size": 7213,
      "download_url": "https://github.com/tormyvancool/NuovaElettronica/raw/bc399714c3fc2cade679f3b16de355764916c658/Theme/NE-Nuova-Elettronica-theme.zip",
      "install_size": 13919
    }
  ]
}
