{
    "$schema": "https://go.kicad.org/pcm/schemas/v1",
    "name": "Archive 3D Models",
    "description": "copies 3D models to the project local subfolder",
    "description_full": "Copies footprint models to the project local subfolder and remaps all the links within the used footprints.\n !!! Warning! If you update the footprint the link between the footprint and 3D model will be reset. You'll need to re-run the plugin in order to remap the links. You can make the layout file completely independent if you also export the footprints to project local librarary via menu File/Export/Footprints to new library and update the footprint to refer to new library.",
    "identifier": "com.github.MitjaNemec.Archive3DModels",
    "type": "plugin",
    "author": {
        "name": "Mitja Nemec",
        "contact": {
            "github": "https://github.com/MitjaNemec"
        }
    },    
    "license": "GPL-2.0",
    "resources": {
        "homepage": "https://github.com/MitjaNemec/Archive3DModels"
    },
    "tags": [
        "pcbnew",
        "models"
    ],
    "versions": [
        {
            "version": "1.0.12",
            "status": "stable",
            "kicad_version": "6.0",
            "kicad_version_max": "8.1",
            "download_url": "https://github.com/MitjaNemec/Archive3DModels/releases/download/1.0.12/Archive3DModels-1.0.12-pcm.zip",
            "download_sha256": "fcba1c75e7764246def5196db3b9115c36a814410a1e9ad9ae12f37047df1ed7",
            "download_size": 16402,
            "install_size": 35840,
            "platforms": [
                "linux",
                "macos",
                "windows"
            ]
        }
    ]
}

