{
    "$schema": "https://go.kicad.org/pcm/schemas/v1",
    "name": "KiKit Library",
    "description": "A footprint and schematic library for KiKit annotations.",
    "description_full": "KiKit uses these symbols a footprints to annotate your boards (e.g., to place a tab in a panel).",
    "identifier": "com.github.yaqwsx.kikit-library",
    "type": "library",
    "author": {
        "name": "Jan Mr\u00e1zek",
        "contact": {
            "github": "https://github.com/yaqwsx",
            "web": "https://honzamrazek.cz",
            "twitter": "https://twitter.com/yaqwsx_cz"
        }
    },
    "maintainer": {
        "name": "Jan Mr\u00e1zek",
        "contact": {
            "github": "https://github.com/yaqwsx",
            "web": "https://honzamrazek.cz",
            "twitter": "https://twitter.com/yaqwsx_cz"
        }
    },
    "license": "MIT",
    "resources": {
        "homepage": "https://github.com/yaqwsx/KiKit"
    },
    "versions": [
        {
            "version": "1.6.0",
            "status": "stable",
            "kicad_version": "7.0",
            "install_size": 17762,
            "download_sha256": "a1944630656cb1c02a890ad11f218bbc48cc210c21b4c947c032de1c076f8101",
            "download_size": 12713,
            "download_url": "https://github.com/yaqwsx/KiKit/releases/download/v1.6.0/pcm-kikit-lib.zip"
        }
    ]
}
