{
    "$schema": "https://go.kicad.org/pcm/schemas/v1",
    "name": "Cut tracks at line",
    "description": "Cuts all selected tracks at an intersecting line",
    "description_full": "KiCAD pcbnew plugin to cut tracks at intersection with line",
    "identifier": "com.github.tnaegele.kicad-cut-tracks-at-line",
    "type": "plugin",
    "author": {
        "name": "Tobias Naegele",
        "contact": {
            "web": "tobiasnaegele.com",
            "github": "https://github.com/tnaegele"
        }
    },
    "maintainer": {
        "name": "Tobias Naegele",
        "contact": {
            "web": "tobiasnaegele.com",
            "github": "https://github.com/tnaegele"
        }
    },
    "license": "Apache",
    "resources": {
        "homepage": "https://github.com/tnaegele/KiCADCutTracksAtLine"
    },
    "tags": [
        "tracks",
        "cut",
        "efficiency"
    ],
    "versions": [
        {
            "version": "1.1",
            "status": "stable",
            "kicad_version": "8.0",
            "download_url": "https://github.com/tnaegele/KiCADCutTracksAtLine/releases/download/v1.1/kicad-package.zip",
            "download_sha256": "eaa152a159207366c6f1cf9a768f13a9fbdedb33015f4fe8e4f9953d0ab38e60",
            "download_size": 4694,
            "install_size": 7812
        },
        {
            "version": "1.0",
            "status": "stable",
            "kicad_version": "8.0",
            "download_url": "https://github.com/tnaegele/KiCADCutTracksAtLine/releases/download/v1.0/kicad-package.zip",
            "download_size": 4549,
            "install_size": 7270,
            "download_sha256": "6da485ec9431a8be31c73a5a2ee1cc61c3643507e905cf02e6e5cefb7819e156"
        }
    ]
}